noise_bps,score_p05,score_median,score_p95,positive_fraction
1,347.67979466027856,354.28975595655254,360.1932187710125,1.0
5,340.7952889254126,353.400493336825,367.4674170767504,1.0
10,329.5457031411189,351.6278892999278,372.235889597634,1.0
20,308.98784669594284,341.9390622484933,366.1114237700082,1.0
