commission_multiplier,score,mean_pnl,std_pnl,sharpe,volume,elapsed
0,374.13568944475753,429.82663999999994,2622.0506666416486,2.591923944700417,49696427.85,0.020348207908682525
1,355.6694751257109,413.02978593520004,2622.610692534651,2.4901043619720427,49696427.85,0.01981658290605992
2,337.12958275841765,396.23293187039997,2623.1805666110427,2.388319288091494,49696427.85,0.019418083014898002
5,281.07362255083797,345.842369676,2624.9492132453793,2.08318239843956,49696427.85,0.019345207954756916
10,186.65334405014565,261.858099352,2628.093301804294,1.5754159434645623,49696427.85,0.019417041912674904
20,22.61948939792411,93.889558704,2635.114520528288,0.5633623352984357,49696427.85,0.019131290959194303
