noise_bps,baseline_median,challenger_median,difference_p05,difference_median,difference_p95,challenger_win_fraction
1,504.8853821240876,518.4887626418254,-6.552249921339873,15.287511328600146,35.13222928408949,0.84
5,476.7763174969124,495.1855803425421,-5.991032597027956,17.97835407834765,36.78759206684993,0.9
10,454.7886500172703,469.0389817708672,-8.849843985932358,12.676319315424024,40.687940324482454,0.82
20,375.05398348509215,389.131217472792,-4.237465453004231,18.40782393540718,38.69062945227781,0.86
