noise_bps,score_p05,score_median,score_p95
1,468.9543593232902,506.4120340103266,530.856946979746
5,431.02585069492153,487.39984998644104,546.2450970012688
10,378.4067190938286,442.1498123964891,494.18355776616534
20,290.0433958276007,391.99733628419585,472.59244704754366
