commission_multiplier,score,mean_pnl,std_pnl
0,548.4213079647413,566.1421599999999,1609.0911322545198
1,507.4164954566743,526.3769808000001,1608.8269302978863
2,466.2319140863042,486.61180159999986,1608.616555551112
5,341.15435945440055,367.316264,1608.3085787734367
10,123.46197573081375,168.49036799999993,1608.8727364082386
20,-229.16142400000012,-229.16142400000012,1614.032165415838
